Message_body,Label
Rofl. Its true to its name,NonSpam
The guy did some bitching but I acted like i'd be interested in buying something else next week and he gave it to us for free,NonSpam
"Pity, * was in mood for that. So...any other suggestions?",NonSpam
Will ü b going to esplanade fr home?,NonSpam
"This is the 2nd time we have tried 2 contact u. U have won the £750 Pound prize. 2 claim is easy, call 087187272008 NOW1! Only 10p per minute. BT-national-rate.",Spam
"REMINDER FROM O2: To get 2.50 pounds free call credit and details of great offers pls reply 2 this text with your valid name, house no and postcode",Spam
Huh y lei...,NonSpam
Why don't you wait 'til at least wednesday to see if you get your .,NonSpam
Ard 6 like dat lor.,NonSpam
Ok lor... Sony ericsson salesman... I ask shuhui then she say quite gd 2 use so i considering...,NonSpam
Get me out of this dump heap. My mom decided to come to lowes. BORING.,NonSpam
Anything lor. Juz both of us lor.,NonSpam
if you aren't here in the next  &lt;#&gt;  hours imma flip my shit,NonSpam
"Sorry, I'll call later",NonSpam
No. I meant the calculation is the same. That  &lt;#&gt; units at  &lt;#&gt; . This school is really expensive. Have you started practicing your accent. Because its important. And have you decided if you are doing 4years of dental school or if you'll just do the nmde exam.,NonSpam
Yes i have. So that's why u texted. Pshew...missing you so much,NonSpam
Yeh. Indians was nice. Tho it did kane me off a bit he he. We shud go out 4 a drink sometime soon. Mite hav 2 go 2 da works 4 a laugh soon. Love Pete x x,NonSpam
Well keep in mind I've only got enough gas for one more round trip barring a sudden influx of cash,NonSpam
Hahaha..use your brain dear,NonSpam
Have a safe trip to Nigeria. Wish you happiness and very soon company to share moments with,NonSpam
Wen did you get so spiritual and deep. That's great,NonSpam
"Cool, what time you think you can get here?",NonSpam
"You know, wot people wear. T shirts, jumpers, hat, belt, is all we know. We r at Cribbs",NonSpam
"No, I was trying it all weekend ;V",NonSpam
Ic. There are a lotta childporn cars then.,NonSpam
Hi its in durban are you still on this number,NonSpam
"I'm taking derek &amp; taylor to walmart, if I'm not back by the time you're done just leave the mouse on my desk and I'll text you when priscilla's ready",NonSpam
U still havent got urself a jacket ah?,NonSpam
Armand says get your ass over to epsilon,NonSpam
Yeah it's jus rite...,NonSpam
ASKED 3MOBILE IF 0870 CHATLINES INCLU IN FREE MINS. INDIA CUST SERVs SED YES. L8ER GOT MEGA BILL. 3 DONT GIV A SHIT. BAILIFF DUE IN DAYS. I O £250 3 WANT £800,Spam
Just sleeping..and surfing,NonSpam
I can't believe how attached I am to seeing you every day. I know you will do the best you can to get to me babe. I will go to teach my class at your midnight,NonSpam
Want explicit SEX in 30 secs? Ring 02073162414 now! Costs 20p/min Gsex POBOX 2667 WC1N 3XX,Spam
Aiyah ok wat as long as got improve can already wat...,NonSpam
"I know you are thinkin malaria. But relax, children cant handle malaria. She would have been worse and its gastroenteritis. If she takes enough to replace her loss her temp will reduce. And if you give her malaria meds now she will just vomit. Its a self limiting illness she has which means in a few days it will completely stop",NonSpam
Ok which your another number,NonSpam
"Hey chief, can you give me a bell when you get this. Need to talk to you about this royal visit on the 1st june. ",NonSpam
happened here while you were adventuring,NonSpam
Compliments to you. Was away from the system. How your side.,NonSpam
I think that tantrum's finished so yeah I'll be by at some point,NonSpam
What about this one then.,NonSpam
Its just the effect of irritation. Just ignore it,NonSpam
"Total disappointment, when I texted you was the craziest shit got :(",NonSpam
PRIVATE! Your 2003 Account Statement for shows 800 un-redeemed S.I.M. points. Call 08718738001 Identifier Code: 49557 Expires 26/11/04,Spam
I want to tell you how bad I feel that basically the only times I text you lately are when I need drugs,NonSpam
You are awarded a SiPix Digital Camera! call 09061221061 from landline. Delivery within 28days. T Cs Box177. M221BP. 2yr warranty. 150ppm. 16 . p p£3.99,Spam
Going to join tomorrow.,NonSpam
Thats cool. I want to please you...,NonSpam
You are a big chic. Common. Declare,NonSpam
No. I dont want to hear anything,NonSpam
Can you pls send me that company name. In saibaba colany,NonSpam
"By the way, i've put a skip right outside the front of the house so you can see which house it is. Just pull up before it.",NonSpam
Miles and smiles r made frm same letters but do u know d difference..? smile on ur face keeps me happy even though I am miles away from u.. :-)keep smiling.. Good nyt,NonSpam
"Ya, i'm referin to mei's ex wat... No ah, waitin 4 u to treat, somebody shld b rich liao...So gd, den u dun have to work frm tmr onwards...",NonSpam
You are a great role model. You are giving so much and i really wish each day for a miracle but God as a reason for everything and i must say i wish i knew why but i dont. I've looked up to you since i was young and i still do. Have a great day.,NonSpam
Oh... Okie lor...We go on sat... ,NonSpam
Yes. Please leave at  &lt;#&gt; . So that at  &lt;#&gt;  we can leave,NonSpam
"Just making dinner, you ?",NonSpam
"It‘s reassuring, in this crazy world.",NonSpam
I went to project centre,NonSpam
Lol they were mad at first but then they woke up and gave in.,NonSpam
"Machan you go to gym tomorrow,  i wil come late goodnight.",NonSpam
I want to be inside you every night...,NonSpam
God's love has no limit. God's grace has no measure. God's power has no boundaries. May u have God's endless blessings always in ur life...!! Gud ni8,NonSpam
What i told before i tell. Stupid hear after i wont tell anything to you. You dad called to my brother and spoken. Not with me.,NonSpam
Wait . I will msg after  &lt;#&gt;  min.,NonSpam
"Perhaps * is much easy give your account identification, so i will tomorrow at UNI",NonSpam
Apo all other are mokka players only,NonSpam
PRIVATE! Your 2003 Account Statement for 07808247860 shows 800 un-redeemed S. I. M. points. Call 08719899229 Identifier Code: 40411 Expires 06/11/04,Spam
Love has one law; Make happy the person you love. In the same way friendship has one law; Never make ur friend feel alone until you are alive.... Gud night,NonSpam
Now get step 2 outta the way. Congrats again.,NonSpam
Why did I wake up on my own &gt;:(,NonSpam
"SMS SERVICES. for your inclusive text credits, pls goto www.comuk.net login= 3qxj9 unsubscribe with STOP, no extra charge. help 08702840625.COMUK. 220-CM2 9AE",Spam
Yes... I trust u to buy new stuff ASAP so I can try it out,NonSpam
"Good afternoon, my love ... How goes your day ? How did you sleep ? I hope your well, my boytoy ... I think of you ...",NonSpam
"Cool, we shall go and see, have to go to tip anyway. Are you at home, got something to drop in later? So lets go to town tonight! Maybe mum can take us in.",NonSpam
I think if he rule tamilnadu..then its very tough for our people.,NonSpam
Marvel Mobile Play the official Ultimate Spider-man game (£4.50) on ur mobile right now. Text SPIDER to 83338 for the game & we ll send u a FREE 8Ball wallpaper,Spam
U studying in sch or going home? Anyway i'll b going 2 sch later.,NonSpam
K. I will sent it again,NonSpam
Oh thanks a lot..i already bought 2 eggs ..,NonSpam
K. I will sent it again,NonSpam
2p per min to call Germany 08448350055 from your BT line. Just 2p per min. Check PlanetTalkInstant.com for info & T's & C's. Text stop to opt out,Spam
Ofcourse I also upload some songs,NonSpam
Also fuck you and your family for going to rhode island or wherever the fuck and leaving me all alone the week I have a new bong &gt;:(,NonSpam
", ,  and  picking them up from various points | going 2 yeovil | and they will do the motor project 4 3 hours | and then u take them home. || 12 2 5.30 max. || Very easy",NonSpam
So li hai... Me bored now da lecturer repeating last weeks stuff waste time... ,NonSpam
URGENT We are trying to contact you Last weekends draw shows u have won a £1000 prize GUARANTEED Call 09064017295 Claim code K52 Valid 12hrs 150p pm,Spam
Shall call now dear having food,NonSpam
Have you seen who's back at Holby?!,NonSpam
Really do hope the work doesnt get stressful. Have a gr8 day.,NonSpam
No probably  &lt;#&gt; %.,NonSpam
What Today-sunday..sunday is holiday..so no work..,NonSpam
Yes princess! I want to please you every night. Your wish is my command...,NonSpam
Dhoni have luck to win some big title.so we will win:),NonSpam
Where's mummy's boy ? Is he being good or bad ? Is he being positive or negative ? Why is mummy being made to wait? Hmmmm?,NonSpam
Ok lor ü reaching then message me.,NonSpam
Well obviously not because all the people in my cool college life went home ;_;,NonSpam
Yup,NonSpam
I thought slide is enough.,NonSpam
Ok lor.,NonSpam
"URGENT! Last weekend's draw shows that you have won £1000 cash or a Spanish holiday! CALL NOW 09050000332 to claim. T&C: RSTM, SW7 3SS. 150ppm",Spam
Get your garden ready for summer with a FREE selection of summer bulbs and seeds worth £33:50 only with The Scotsman this Saturday. To stop go2 notxt.co.uk,Spam
http//tms. widelive.com/index. wml?id=820554ad0a1705572711&first=true¡C C Ringtone¡,Spam
Shall I bring us a bottle of wine to keep us amused? Only joking! I‘ll bring one anyway,NonSpam
I will treasure every moment we spend together...,NonSpam
U GOIN OUT 2NITE?,NonSpam
Txt: CALL to No: 86888 & claim your reward of 3 hours talk time to use from your phone now! Subscribe6GBP/mnth inc 3hrs 16 stop?txtStop www.gamb.tv,Spam
Ok i thk i got it. Then u wan me 2 come now or wat?,NonSpam
December only! Had your mobile 11mths+? You are entitled to update to the latest colour camera mobile for Free! Call The Mobile Update Co FREE on 08002986906,Spam
If you hear a loud scream in about &lt;#&gt; minutes its cause my Gyno will be shoving things up me that don't belong :/,NonSpam
"Sorry, I'll call later",NonSpam
Arun can u transfr me d amt,NonSpam
For the most sparkling shopping breaks from 45 per person; call 0121 2025050 or visit www.shortbreaks.org.uk,Spam
Wishing you a beautiful day. Each moment revealing even more things to keep you smiling. Do enjoy it.,NonSpam
Im just wondering what your doing right now?,NonSpam
Except theres a chick with huge boobs.,NonSpam
What???? Hello wats talks email address?,NonSpam
Just sing HU. I think its also important to find someone female that know the place well preferably a citizen that is also smart to help you navigate through. Even things like choosing a phone plan require guidance. When in doubt ask especially girls.,NonSpam
Sac needs to carry on:),NonSpam
"Latest News! Police station toilet stolen, cops have nothing to go on!",Spam
"aight we can pick some up, you open before tonight?",NonSpam
So that takes away some money worries,NonSpam
I am back. Good journey! Let me know if you need any of the receipts. Shall i tell you like the pendent?,NonSpam
"And that's fine, I got enough bud to last most of the night at least",NonSpam
Good morning. At the repair shop--the ONLY reason i'm up at this hour.,NonSpam
You have won a guaranteed 32000 award or maybe even £1000 cash to claim ur award call free on 0800 ..... (18+). Its a legitimat efreefone number wat do u think???,Spam
"I thought i'd get him a watch, just cos thats the kind of thing u get4an18th. And he loves so much!",NonSpam
"By the way, make sure u get train to worc foregate street not shrub hill. Have fun night x",NonSpam
Thank you. do you generally date the brothas?,NonSpam
Hey i've booked the 2 lessons on sun liao...,NonSpam
What are youdoing later? Sar xxx,NonSpam
Am slow in using biola's fne,NonSpam
Mode men or have you left.,NonSpam
I'm wif him now buying tix lar...,NonSpam
Jesus armand really is trying to tell everybody he can find,NonSpam
You're gonna have to be way more specific than that,NonSpam
Thanx a lot 4 ur help!,NonSpam
If I was I wasn't paying attention,NonSpam
"If you can make it any time tonight or whenever you can it's cool, just text me whenever you're around",NonSpam
"Er yeah, i will b there at 15:26, sorry! Just tell me which pub/cafe to sit in and come wen u can",NonSpam
You didnt complete your gist oh.,NonSpam
Santa Calling! Would your little ones like a call from Santa Xmas eve? Call 09058094583 to book your time.,Spam
Oh yeah! And my diet just flew out the window,NonSpam
Otherwise had part time job na-tuition..,NonSpam
U horrible gal... U knew dat i was going out wif him yest n u still come n ask me...,NonSpam
"Sorry, I'll call later",NonSpam
Ok k..sry i knw 2 siva..tats y i askd..,NonSpam
"Hi elaine, is today's meeting confirmed?",NonSpam
I dont know oh. Hopefully this month.,NonSpam
I'm at bruce &amp; fowler now but I'm in my mom's car so I can't park (long story),NonSpam
So how are you really. What are you up to. How's the masters. And so on.,NonSpam
Nope. I just forgot. Will show next week,NonSpam
My slave! I want you to take 2 or 3 pictures of yourself today in bright light on your cell phone! Bright light!,NonSpam
You should get more chicken broth if you want ramen unless there's some I don't know about,NonSpam
East coast,NonSpam
Nite nite pocay wocay luv u more than n e thing 4eva I promise ring u 2morrowxxxx,NonSpam
Gr8. So how do you handle the victoria island traffic. Plus when's the album due,NonSpam
I ask if u meeting da ge tmr nite...,NonSpam
"Daddy, shu shu is looking 4 u... U wan me 2 tell him u're not in singapore or wat?",NonSpam
There is a first time for everything :),NonSpam
... Are you in the pub?,NonSpam
Yup he msg me: is tat yijue? Then i tot it's my group mate cos we meeting today mah... I'm askin if ü leaving earlier or wat mah cos mayb ü haf to walk v far...,NonSpam
Dear are you angry i was busy dear,NonSpam
So how many days since then?,NonSpam
Pls give her prometazine syrup. 5mls then  &lt;#&gt; mins later feed.,NonSpam
So gd got free ice cream... I oso wan...,NonSpam
Hi babe its me thanks for coming even though it didnt go that well!i just wanted my bed! Hope to see you soon love and kisses xxx,NonSpam
Babes I think I got ur brolly I left it in English wil bring it in 2mrw 4 u luv Franxx,NonSpam
HARD BUT TRUE: How much you show &amp;  express your love to someone....that much it will hurt when they leave you or you get seperated...!?????ud evening...,NonSpam
And he's apparently bffs with carly quick now,NonSpam
Hi. Hope you had a good day. Have a better night.,NonSpam
That's necessarily respectful,NonSpam
As in i want custom officer discount oh.,NonSpam
Dunno lei shd b driving lor cos i go sch 1 hr oni.,NonSpam
I dont know exactly could you ask chechi.,NonSpam
"All done, all handed in. Don't know if mega shop in asda counts as celebration but thats what i'm doing!",NonSpam
Ooooooh I forgot to tell u I can get on yoville on my phone,NonSpam
Watching ajith film ah?,NonSpam
Nt joking seriously i told,NonSpam
Ok.ok ok..then..whats ur todays plan,NonSpam
NOT MUCH NO FIGHTS. IT WAS A GOOD NITE!!,NonSpam
I will be gentle baby! Soon you will be taking all  &lt;#&gt;  inches deep inside your tight pussy...,NonSpam
I'm at work. Please call,NonSpam
How do friends help us in problems? They give the most stupid suggestion that Lands us into another problem and helps us forgt the previous problem,NonSpam
How are you babes. Hope your doing ok. I had a shit nights sleep. I fell asleep at 5.I’m knackered and i’m dreading work tonight. What are thou upto tonight. X,NonSpam
Good day to You too.Pray for me.Remove the teeth as its painful maintaining other stuff.,NonSpam
"I can make it up there, squeezed  &lt;#&gt;  bucks out of my dad",NonSpam
You have 1 new message. Call 0207-083-6089,Spam
Its sunny in california. The weather's just cool,NonSpam
Somebody set up a website where you can play hold em using eve online spacebucks,NonSpam
"Free entry to the gr8prizes wkly comp 4 a chance to win the latest Nokia 8800, PSP or £250 cash every wk.TXT GREAT to 80878 http//www.gr8prizes.com 08715705022",Spam
The current leading bid is 151. To pause this auction send OUT. Customer Care: 08718726270,Spam
I don't want you to leave. But i'm barely doing what i can to stay sane. fighting with you constantly isn't helping.,NonSpam
I cant pick the phone right now. Pls send a message,NonSpam
Do u konw waht is rael FRIENDSHIP Im gving yuo an exmpel: Jsut ese tihs msg.. Evrey splleing of tihs msg is wrnog.. Bt sitll yuo can raed it wihtuot ayn mitsake.. GOODNIGHT &amp; HAVE A NICE SLEEP..SWEET DREAMS..,NonSpam
"K I'll head out in a few mins, see you there",NonSpam
"Ok., is any problem to u frm him? Wats matter?",NonSpam
"Lol, oh you got a friend for the dog ?",NonSpam
dating:i have had two of these. Only started after i sent a text to talk sport radio last week. Any connection do you think or coincidence?,Spam
Hi mom we might be back later than  &lt;#&gt; ,NonSpam
IMPORTANT MESSAGE. This is a final contact attempt. You have important messages waiting out our customer claims dept. Expires 13/4/04. Call 08717507382 NOW!,Spam
Just trying to figure out when I'm suppose to see a couple different people this week. We said we'd get together but I didn't set dates,NonSpam
A £400 XMAS REWARD IS WAITING FOR YOU! Our computer has randomly picked you from our loyal mobile customers to receive a £400 reward. Just call 09066380611,Spam
Call 09095350301 and send our girls into erotic ecstacy. Just 60p/min. To stop texts call 08712460324 (nat rate),Spam
"I think your mentor is , but not 100 percent sure.",NonSpam
I'm in inside office..still filling forms.don know when they leave me.,NonSpam
Yep get with the program. You're slacking.,NonSpam
"Hey, iouri gave me your number, I'm wylie, ryan's friend",NonSpam
This is ur face test ( 1 2 3 4 5 6 7 8 9  &lt;#&gt;  ) select any number i will tell ur face astrology.... am waiting. quick reply...,NonSpam
Hmm. Shall i bring a bottle of wine to keep us amused? Just joking! I'll still bring a bottle. Red or white? See you tomorrow,NonSpam
Ok,NonSpam
Tell me something. Thats okay.,NonSpam
"Living is very simple.. Loving is also simple.. Laughing is too simple.. Winning is tooo simple.. But, Being 'SIMPLE' is very difficult...;-) :-)",NonSpam
Aiyo cos i sms ü then ü neva reply so i wait 4 ü to reply lar. I tot ü havent finish ur lab wat.,NonSpam
Guai... Ü shd haf seen him when he's naughty... Ü so free today? Can go jogging...,NonSpam
Good morning princess! Have a great day!,NonSpam
Yup it's at paragon... I havent decided whether 2 cut yet... Hee...,NonSpam
No one interested. May be some business plan.,NonSpam
I'm home...,NonSpam
Do I? I thought I put it back in the box,NonSpam
No sir. That's why i had an 8-hr trip on the bus last week. Have another audition next wednesday but i think i might drive this time.,NonSpam
"My Parents, My Kidz, My Friends n My Colleagues. All screaming.. SURPRISE !! and I was waiting on the sofa.. ... ..... ' NAKED...!",NonSpam
Wat ü doing now?,NonSpam
When you guys planning on coming over?,NonSpam
No go. No openings for that room 'til after thanksgiving without an upcharge.,NonSpam
"u r subscribed 2 TEXTCOMP 250 wkly comp. 1st wk?s free question follows, subsequent wks charged@150p/msg.2 unsubscribe txt STOP 2 84128,custcare 08712405020",Spam
And of course you should make a stink!,NonSpam
Are u awake? Is there snow there?,NonSpam
You'd like that wouldn't you? Jerk!,NonSpam
So when do you wanna gym?,NonSpam
My birthday is on feb  &lt;#&gt;  da. .,NonSpam
Sounds better than my evening im just doing my costume. Im not sure what time i finish tomorrow but i will txt you at the end.,NonSpam
No. It's not pride. I'm almost  &lt;#&gt;  years old and shouldn't be takin money from my kid. You're not supposed to have to deal with this stuff. This is grownup stuff--why i don't tell you.,NonSpam
"Garbage bags, eggs, jam, bread, hannaford wheat chex",NonSpam
"Neither [in sterm voice] - i'm studying. All fine with me! Not sure the  thing will be resolved, tho. Anyway. Have a fab hols",NonSpam
I think steyn surely get one wicket:),NonSpam
X course it 2yrs. Just so her messages on messenger lik you r sending me,NonSpam
Dude im no longer a pisces. Im an aquarius now.,NonSpam
"Sir, waiting for your letter.",NonSpam
Sweet heart how are you?,NonSpam
Wishing you a wonderful week.,NonSpam
What makes you most happy?,NonSpam
"Gal n boy walking in d park. gal-can i hold ur hand? boy-y? do u think i would run away? gal-no, jst wana c how it feels walking in heaven with an prince..GN:-)",NonSpam
"Dear Sir,Salam Alaikkum.Pride and Pleasure meeting you today at the Tea Shop.We are pleased to send you our contact number at Qatar.Rakhesh an Indian.Pls save our Number.Respectful Regards.",NonSpam
Aah bless! How's your arm?,NonSpam
"Thanks, I'll keep that in mind",NonSpam
Ok no problem... Yup i'm going to sch at 4 if i rem correctly...,NonSpam
But we havent got da topic yet rite?,NonSpam
Kothi print out marandratha.,NonSpam
"Good morning, my Love ... I go to sleep now and wish you a great day full of feeling better and opportunity ... You are my last thought babe, I LOVE YOU *kiss*",NonSpam
"K, fyi I'm back in my parents' place in south tampa so I might need to do the deal somewhere else",NonSpam
Jus finish watching tv... U?,NonSpam
Hahaha..use your brain dear,NonSpam
Get the official ENGLAND poly ringtone or colour flag on yer mobile for tonights game! Text TONE or FLAG to 84199. Optout txt ENG STOP Box39822 W111WX £1.50,Spam
My sister going to earn more than me da.,NonSpam
Here got ur favorite oyster... N got my favorite sashimi... Ok lar i dun say already... Wait ur stomach start rumbling...,NonSpam
K.k:)i'm going to tirunelvali this week to see my uncle ..i already spend the amount by taking dress .so only i want money.i will give it on feb 1,NonSpam
"yeah, that's what I was thinking",NonSpam
"Jolly good! By the way,  will give u tickets for sat eve 7.30. Speak before then x",NonSpam
I'm coming back on Thursday. Yay. Is it gonna be ok to get the money. Cheers. Oh yeah and how are you. Everything alright. Hows school. Or do you call it work now,NonSpam
What you did in  leave.,NonSpam
Ill be at yours in about 3 mins but look out for me,NonSpam
Hi missed your Call and my mumHas beendropping red wine all over theplace! what is your adress?,NonSpam
Pls ask macho how much is budget for bb bold 2 is cos i saw a new one for  &lt;#&gt;  dollars.,NonSpam
"I can. But it will tell quite long, cos i haven't finish my film yet...",NonSpam
About  &lt;#&gt; bucks. The banks fees are fixed. Better to call the bank and find out.,NonSpam
At WHAT TIME should i come tomorrow,NonSpam
I can't make it tonight,NonSpam
Well good morning mr . Hows london treatin' ya treacle?,NonSpam
I.ll hand her my phone to chat wit u,NonSpam
My darling sister. How are you doing. When's school resuming. Is there a minimum wait period before you reapply? Do take care,NonSpam
Are u coming to the funeral home,NonSpam
Alex says he's not ok with you not being ok with it,NonSpam
XMAS iscoming & ur awarded either £500 CD gift vouchers & free entry 2 r £100 weekly draw txt MUSIC to 87066 TnC www.Ldew.com1win150ppmx3age16subscription ,Spam
I donno its in your genes or something,NonSpam
Urgent! Please call 09061213237 from landline. £5000 cash or a luxury 4* Canary Islands Holiday await collection. T&Cs SAE PO Box 177. M227XY. 150ppm. 16+,Spam
Xy trying smth now. U eat already? We havent...,NonSpam
Dear where you. Call me,NonSpam
Hey! Congrats 2u2. id luv 2 but ive had 2 go home!,NonSpam
An excellent thought by a misundrstud frnd: I knw u hate me bt the day wen u'll knw the truth u'll hate urself:-( Gn:-),NonSpam
Hey ! Don't forget ... You are MINE ... For ME ... My possession ... MY property ... MMM ... *childish smile* ...,NonSpam
I'm still pretty weak today .. Bad day ?,NonSpam
"URGENT! You have won a 1 week FREE membership in our £100,000 Prize Jackpot! Txt the word: CLAIM to No: 81010 T&C www.dbuk.net LCCLTD POBOX 4403LDNW1A7RW18",Spam
Sent me ur email id soon,NonSpam
"Yeah, probably here for a while",NonSpam
I have gone into get info bt dont know what to do,NonSpam
"And how you will do that, princess? :)",NonSpam
"Vikky, come around  &lt;TIME&gt; ..",NonSpam
"Helloooo... Wake up..! ""Sweet"" ""morning"" ""welcomes"" ""You"" ""Enjoy"" ""This Day"" ""with full of joy"".. ""GUD MRNG"".",NonSpam
URGENT! Your Mobile number has been awarded with a £2000 prize GUARANTEED. Call 09061790126 from land line. Claim 3030. Valid 12hrs only 150ppm,Spam
"Best msg: It's hard to be with a person, when u know that one more step foward will make u fall in love.. &amp; One step back can ruin ur friendship.. good night:-) ...",NonSpam
Dunno leh cant remember mayb lor. So wat time r we meeting tmr?,NonSpam
Oh yeah clearly it's my fault,NonSpam
"Hi. Hope ur day * good! Back from walk, table booked for half eight. Let me know when ur coming over.",NonSpam
Its too late:)but its k.wish you the same.,NonSpam
"Hello.How u doing?What u been up 2?When will u b moving out of the flat, cos I will need to arrange to pick up the lamp, etc. Take care. Hello caroline!",NonSpam
So u wan 2 come for our dinner tonight a not?,NonSpam
Did u fix the teeth?if not do it asap.ok take care.,NonSpam
"If you don't, your prize will go to another customer. T&C at www.t-c.biz 18+ 150p/min Polo Ltd Suite 373 London W1J 6HL Please call back if busy ",Spam
"ER, ENJOYIN INDIANS AT THE MO..yeP. SaLL gOoD HehE ;> hows bout u shexy? Pete Xx",NonSpam
Anything lar then ü not going home 4 dinner?,NonSpam
HI DARLIN ITS KATE ARE U UP FOR DOIN SOMETHIN TONIGHT? IM GOING TO A PUB CALLED THE SWAN OR SOMETHING WITH MY PARENTS FOR ONE DRINK SO PHONE ME IF U CAN,NonSpam
Gud ni8.swt drms.take care,NonSpam
"Storming msg: Wen u lift d phne, u say ""HELLO"" Do u knw wt is d real meaning of HELLO?? . . . It's d name of a girl..! . . . Yes.. And u knw who is dat girl?? ""Margaret Hello"" She is d girlfrnd f Grahmbell who invnted telphone... . . . . Moral:One can 4get d name of a person, bt not his girlfrnd... G o o d n i g h t . . .@",NonSpam
Pls speak with me. I wont ask anything other then you friendship.,NonSpam
Did you see that film:),NonSpam
I absolutely LOVE South Park! I only recently started watching the office.,NonSpam
If anyone calls for a treadmill say you'll buy it. Make sure its working. I found an ad on Craigslist selling for $ &lt;#&gt; .,NonSpam
Can help u swoop by picking u up from wherever ur other birds r meeting if u want.,NonSpam
1 in cbe. 2 in chennai.,NonSpam
"As usual..iam fine, happy &amp; doing well..:)",NonSpam
Well she's in for a big surprise!,NonSpam
Ok... Sweet dreams...,NonSpam
I didnt get anything da,NonSpam
Please tell me not all of my car keys are in your purse,NonSpam
You do your studies alone without anyones help. If you cant no need to study.,NonSpam
"Yeah work is fine, started last week, all the same stuff as before, dull but easy and guys are fun!",NonSpam
Urgent! Please call 09061213237 from a landline. £5000 cash or a 4* holiday await collection. T &Cs SAE PO Box 177 M227XY. 16+,Spam
"K I'm leaving soon, be there a little after 9",NonSpam
U come n search tat vid..not finishd..,NonSpam
Gud ni8 dear..slp well..take care..swt dreams..Muah..,NonSpam
Haven't eaten all day. I'm sitting here staring at this juicy pizza and I can't eat it. These meds are ruining my life.,NonSpam
Thank you princess! I want to see your nice juicy booty...,NonSpam
thanks for the temales it was wonderful. Thank. Have a great week.,NonSpam
Of course ! Don't tease me ... You know I simply must see ! *grins* ... Do keep me posted my prey ... *loving smile* *devouring kiss*,NonSpam
Hmm thinking lor...,NonSpam
Its a part of checking IQ,NonSpam
"Gud gud..k, chikku tke care.. sleep well gud nyt",NonSpam
"Jay wants to work out first, how's 4 sound?",NonSpam
Yeah I can still give you a ride,NonSpam
Someonone you know is trying to contact you via our dating service! To find out who it could be call from your mobile or landline 09064015307 BOX334SK38ch ,Spam
Am on the uworld site. Am i buying the qbank only or am i buying it with the self assessment also?,NonSpam
Ok cool. See ya then.,NonSpam
Hey what how about your project. Started aha da.,NonSpam
YOU ARE CHOSEN TO RECEIVE A £350 AWARD! Pls call claim number 09066364311 to collect your award which you are selected to receive as a valued mobile customer.,Spam
I realise you are a busy guy and i'm trying not to be a bother. I have to get some exams outta the way and then try the cars. Do have a gr8 day,NonSpam
"Nope, I'm still in the market",NonSpam
It means u could not keep ur words.,NonSpam
PRIVATE! Your 2003 Account Statement for <fone no> shows 800 un-redeemed S. I. M. points. Call 08715203656 Identifier Code: 42049 Expires 26/10/04,Spam
I re-met alex nichols from middle school and it turns out he's dealing!,NonSpam
Prabha..i'm soryda..realy..frm heart i'm sory,NonSpam
Smile in Pleasure Smile in Pain Smile when trouble pours like Rain Smile when sum1 Hurts U Smile becoz SOMEONE still Loves to see u Smiling!!,NonSpam
OH FUCK. JUSWOKE UP IN A BED ON A BOATIN THE DOCKS. SLEPT WID 25 YEAR OLD. SPINOUT! GIV U DA GOSSIP L8R. XXX,NonSpam
If I die I want u to have all my stuffs.,NonSpam
5 nights...We nt staying at port step liao...Too ex,NonSpam
"Jane babes not goin 2 wrk, feel ill after lst nite. Foned in already cover 4 me chuck.:-)",NonSpam
I have to take exam with in march 3,NonSpam
Pls she needs to dat slowly or she will vomit more.,NonSpam
I accidentally brought em home in the box,NonSpam
Well thats nice. Too bad i cant eat it,NonSpam
I am late. I will be there at,NonSpam
I keep ten rs in my shelf:) buy two egg.,NonSpam
Natalja (25/F) is inviting you to be her friend. Reply YES-440 or NO-440 See her: www.SMS.ac/u/nat27081980 STOP? Send STOP FRND to 62468,Spam
3 pa but not selected.,NonSpam
K.k.how is your business now?,NonSpam
It is only yesterday true true.,NonSpam
Dai i downloaded but there is only exe file which i can only run that exe after installing.,NonSpam
"I know you are thinkin malaria. But relax, children cant handle malaria. She would have been worse and its gastroenteritis. If she takes enough to replace her loss her temp will reduce. And if you give her malaria meds now she will just vomit. Its a self limiting illness she has which means in a few days it will completely stop",NonSpam
Hi.what you think about match?,NonSpam
"Babe, I'm answering you, can't you see me ? Maybe you'd better reboot YM ... I got the photo ... It's great !",NonSpam
I will reach ur home in  &lt;#&gt;  minutes,NonSpam
Had your mobile 11mths ? Update for FREE to Oranges latest colour camera mobiles & unlimited weekend calls. Call Mobile Upd8 on freefone 08000839402 or 2StopTxt,Spam
How come she can get it? Should b quite diff to guess rite...,NonSpam
Me fine..absolutly fine,NonSpam
WOT STUDENT DISCOUNT CAN U GET ON BOOKS?,NonSpam
"YOU VE WON! Your 4* Costa Del Sol Holiday or £5000 await collection. Call 09050090044 Now toClaim. SAE, TC s, POBox334, Stockport, SK38xh, Cost£1.50/pm, Max10mins",Spam
Call Germany for only 1 pence per minute! Call from a fixed line via access number 0844 861 85 85. No prepayment. Direct access! www.telediscount.co.uk,Spam
Ugh my leg hurts. Musta overdid it on mon.,NonSpam
She.s fine. I have had difficulties with her phone. It works with mine. Can you pls send her another friend request.,NonSpam
I like cheap! But i‘m happy to splash out on the wine if it makes you feel better..,NonSpam
"Spook up your mob with a Halloween collection of a logo & pic message plus a free eerie tone, txt CARD SPOOK to 8007 zed 08701417012150p per logo/pic ",Spam
Darren was saying dat if u meeting da ge den we dun meet 4 dinner. Cos later u leave xy will feel awkward. Den u meet him 4 lunch lor.,NonSpam
Ok... Take ur time n enjoy ur dinner...,NonSpam
"It's wylie, you in tampa or sarasota?",NonSpam
Oh oh... Den muz change plan liao... Go back have to yan jiu again...,NonSpam
"Sorry, I'll call later",NonSpam
Our records indicate u maybe entitled to 5000 pounds in compensation for the Accident you had. To claim 4 free reply with CLAIM to this msg. 2 stop txt STOP,Spam
ree entry in 2 a weekly comp for a chance to win an ipod. Txt POD to 80182 to get entry (std txt rate) T&C's apply 08452810073 for details 18+,Spam
Okie,NonSpam
WHAT TIME U WRKIN?,NonSpam
I uploaded mine to Facebook,NonSpam
I just cooked a rather nice salmon a la you,NonSpam
I'm in town now so i'll jus take mrt down later.,NonSpam
"Fuuuuck I need to stop sleepin, sup",NonSpam
I sent them. Do you like?,NonSpam
K sure am in my relatives home. Sms me de. Pls:-),NonSpam
"Babe! I fucking love you too !! You know? Fuck it was so good to hear your voice. I so need that. I crave it. I can't get enough. I adore you, Ahmad *kisses*",NonSpam
"Hi hope u r both ok, he said he would text and he hasn't, have u seen him, let me down gently please ",NonSpam
SMS AUCTION - A BRAND NEW Nokia 7250 is up 4 auction today! Auction is FREE 2 join & take part! Txt NOKIA to 86021 now!,Spam
"Very strange.  and  are watching the 2nd one now but i'm in bed. Sweet dreams, miss u ",NonSpam
Company is very good.environment is terrific and food is really nice:),NonSpam
Raji..pls do me a favour. Pls convey my Birthday wishes to Nimya. Pls. Today is her birthday.,NonSpam
Water logging in desert. Geoenvironmental implications.,NonSpam
U 2.,NonSpam
"Aight, text me tonight and we'll see what's up",NonSpam
Oh k. . I will come tomorrow,NonSpam
I'm in school now n i'll be in da lab doing some stuff give me a call when ü r done.,NonSpam
Now i'm going for lunch.,NonSpam
"I‘ve got some salt, you can rub it in my open wounds if you like!",NonSpam
Oh did you charge camera,NonSpam
Y she dun believe leh? I tot i told her it's true already. I thk she muz c us tog then she believe.,NonSpam
Ü still got lessons?  Ü in sch?,NonSpam
"Congrats 2 mobile 3G Videophones R yours. call 09063458130 now! videochat wid ur mates, play java games, Dload polypH music, noline rentl. bx420. ip4. 5we. 150p",Spam
Ok leave no need to ask,NonSpam
Just send a text. We'll skype later.,NonSpam
Lol no. I just need to cash in my nitros. Hurry come on before I crash out!,NonSpam
Ok... Then r we meeting later?,NonSpam
No but the bluray player can,NonSpam
I will come with karnan car. Please wait till 6pm will directly goto doctor.,NonSpam
K k:) sms chat with me.,NonSpam
"Sir, I need Velusamy sir's date of birth and company bank facilities details.",NonSpam
MY NEW YEARS EVE WAS OK. I WENT TO A PARTY WITH MY BOYFRIEND. WHO IS THIS SI THEN HEY,NonSpam
"Like  &lt;#&gt; , same question",NonSpam
Haven't left yet so probably gonna be here til dinner,NonSpam
Idk. I'm sitting here in a stop and shop parking lot right now bawling my eyes out because i feel like i'm a failure in everything. Nobody wants me and now i feel like i'm failing you.,NonSpam
No problem with the renewal. I.ll do it right away but i dont know his details.,NonSpam
"Happy new year to u and ur family...may this new year bring happiness , stability and tranquility to ur vibrant colourful life:):)",NonSpam
Pls call me da. What happen.,NonSpam
K..then come wenever u lik to come and also tel vikky to come by getting free time..:-),NonSpam
Get your garden ready for summer with a FREE selection of summer bulbs and seeds worth £33:50 only with The Scotsman this Saturday. To stop go2 notxt.co.uk,Spam
Oh unintentionally not bad timing. Great. Fingers  the trains play along! Will give fifteen min warning.,NonSpam
Aiyar u so poor thing... I give u my support k... Jia you! I'll think of u...,NonSpam
I'm in office now da:)where are you?,NonSpam
Hi darlin im on helens fone im gonna b up the princes 2 nite please come up tb love Kate,NonSpam
Now that you have started dont stop. Just pray for more good ideas and anything i see that can help you guys i.ll forward you a link.,NonSpam
FREE for 1st week! No1 Nokia tone 4 ur mobile every week just txt NOKIA to 8077 Get txting and tell ur mates. www.getzed.co.uk POBox 36504 W45WQ 16+ norm150p/tone,Spam
Yeah I imagine he would be really gentle. Unlike the other docs who treat their patients like turkeys.,NonSpam
Oh shut it. Omg yesterday I had a dream that I had 2 kids both boys. I was so pissed. Not only about the kids but them being boys. I even told mark in my dream that he was changing diapers cause I'm not getting owed in the face.,NonSpam
Yup... I havent been there before... You want to go for the yoga? I can call up to book ,NonSpam
"YOU VE WON! Your 4* Costa Del Sol Holiday or £5000 await collection. Call 09050090044 Now toClaim. SAE, TC s, POBox334, Stockport, SK38xh, Cost£1.50/pm, Max10mins",Spam
There are some nice pubs near here or there is Frankie n Bennys near the warner cinema?,NonSpam
Sorry * was at the grocers.,NonSpam
Sday only joined.so training we started today:),NonSpam
"Hmm... Dunno leh, mayb a bag 4 goigng out dat is not too small. Or jus anything except perfume, smth dat i can keep.",NonSpam
it's still not working. And this time i also tried adding zeros. That was the savings. The checking is  &lt;#&gt; ,NonSpam
That sucks. I'll go over so u can do my hair. You'll do it free right?,NonSpam
Any way where are you and what doing.,NonSpam
"Rose for red,red for blood,blood for heart,heart for u. But u for me.... Send tis to all ur friends.. Including me.. If u like me.. If u get back, 1-u r poor in relation! 2-u need some 1 to support 3-u r frnd 2 many 4-some1 luvs u 5+- some1 is praying god to marry u.:-) try it....",NonSpam
Wot about on wed nite I am 3 then but only til 9!,NonSpam
Cuz ibored. And don wanna study,NonSpam
"To the wonderful Okors, have a great month. We cherish you guys and wish you well each day. MojiBiola",NonSpam
"After my work ah... Den 6 plus lor... U workin oso rite... Den go orchard lor, no other place to go liao...",NonSpam
"He is impossible to argue with and he always treats me like his sub, like he never released me ... Which he did and I will remind him of that if necessary",NonSpam
"Hi Chikku, send some nice msgs",NonSpam
NOT ENUFCREDEIT TOCALL.SHALL ILEAVE UNI AT 6 +GET A BUS TO YOR HOUSE?,NonSpam
"Oops I did have it,  &lt;#&gt; ?",NonSpam
PRIVATE! Your 2003 Account Statement for 078,Spam
Lol for real. She told my dad I have cancer,NonSpam
Are you driving or training?,NonSpam
Aslamalaikkum....insha allah tohar beeen muht albi mufti mahfuuz...meaning same here....,NonSpam
Thanks. Fills me with complete calm and reassurance! ,NonSpam
"Get 3 Lions England tone, reply lionm 4 mono or lionp 4 poly. 4 more go 2 www.ringtones.co.uk, the original n best. Tones 3GBP network operator rates apply.",Spam
Argh why the fuck is nobody in town ;_;,NonSpam
U definitely need a module from e humanities dis sem izzit? U wan 2 take other modules 1st?,NonSpam
December only! Had your mobile 11mths+? You are entitled to update to the latest colour camera mobile for Free! Call The Mobile Update VCo FREE on 08002986906 ,Spam
I've reached sch already...,NonSpam
You have 1 new message. Please call 08715205273,Spam
Oh you got many responsibilities.,NonSpam
"The sign of maturity is not when we start saying big things.. But actually it is, when we start understanding small things... *HAVE A NICE EVENING* BSLVYL",NonSpam
I REALLY NEED 2 KISS U I MISS U MY BABY FROM UR BABY 4EVA,NonSpam
Ding me on ya break fassyole! Blacko from londn,NonSpam
I wnt to buy a BMW car urgently..its vry urgent.but hv a shortage of  &lt;#&gt; Lacs.there is no source to arng dis amt. &lt;#&gt; lacs..thats my prob,NonSpam
"A Boy loved a gal. He propsd bt she didnt mind. He gv lv lttrs, Bt her frnds threw thm. Again d boy decided 2 aproach d gal , dt time a truck was speeding towards d gal. Wn it was about 2 hit d girl,d boy ran like hell n saved her. She asked 'hw cn u run so fast?' D boy replied ""Boost is d secret of my energy"" n instantly d girl shouted ""our energy"" n Thy lived happily 2gthr drinking boost evrydy Moral of d story:- I hv free msgs:D;): gud ni8",NonSpam
In other news after hassling me to get him weed for a week andres has no money. HAUGHAIGHGTUJHYGUJ,NonSpam
This msg is for your mobile content order It has been resent as previous attempt failed due to network error Queries to customersqueries@netvision.uk.com,Spam
Nope thats fine. I might have a nap tho! ,NonSpam
"Aight, call me once you're close",NonSpam
"Ah, well that confuses things, doesnt it? I thought was friends with now. Maybe i did the wrong thing but i already sort of invited -tho he may not come cos of money.",NonSpam
"TheMob>Hit the link to get a premium Pink Panther game, the new no. 1 from Sugababes, a crazy Zebra animation or a badass Hoody wallpaper-all 4 FREE!",Spam
Sorry about that this is my mates phone and i didnt write it love Kate,NonSpam
But i'm really really broke oh. No amount is too small even  &lt;#&gt; ,NonSpam
K.k.this month kotees birthday know?,NonSpam
"Hi Shanil,Rakhesh here.thanks,i have exchanged the uncut diamond stuff.leaving back. Excellent service by Dino and Prem.",NonSpam
Gokila is talking with you aha:),NonSpam
"My fri ah... Okie lor,goin 4 my drivin den go shoppin after tt...",NonSpam
No no. I will check all rooms befor activities,NonSpam
"St andre, virgil's cream",NonSpam
What type of stuff do you sing?,NonSpam
I wont do anything de.,NonSpam
"Good morning, im suffering from fever and dysentry ..will not be able to come to office today.",NonSpam
Omg if its not one thing its another. My cat has worms :/ when does this bad day end?,NonSpam
Sorry i missed your call. Can you please call back.,NonSpam
Hey happy birthday...,NonSpam
Aiya we discuss later lar... Pick ü up at 4 is it?,NonSpam
Amazing : If you rearrange these letters it gives the same meaning... Dormitory = Dirty room Astronomer = Moon starer The eyes = They see Election results = Lies lets recount Mother-in-law = Woman Hitler Eleven plus two =Twelve plus one Its Amazing... !:-),NonSpam
"Keep ur problems in ur heart, b'coz nobody will fight for u. Only u &amp; u have to fight for ur self &amp; win the battle. -VIVEKANAND- G 9t.. SD..
ham	Yeah, give me a call if you've got a minute
ham	HI BABE UAWAKE?FEELLIKW SHIT.JUSTFOUND OUT VIA ALETTER THATMUM GOTMARRIED 4thNOV.BEHIND OURBACKS – FUCKINNICE!SELFISH,DEVIOUSBITCH.ANYWAY,I’L CALL U""",NonSpam
Mark works tomorrow. He gets out at 5. His work is by your house so he can meet u afterwards.,NonSpam
Do you want a New Nokia 3510i colour phone DeliveredTomorrow? With 300 free minutes to any mobile + 100 free texts + Free Camcorder reply or call 08000930705.,Spam
"Guy, no flash me now. If you go call me, call me. How madam. Take care oh.",NonSpam
"Well, i'm glad you didn't find it totally disagreeable ... Lol",NonSpam
"This is the 2nd attempt to contract U, you have won this weeks top prize of either £1000 cash or £200 prize. Just call 09066361921",Spam
I want to sent  &lt;#&gt; mesages today. Thats y. Sorry if i hurts,NonSpam
Gud ni8 dear..slp well..take care..swt dreams..Muah..,NonSpam
WIN a £200 Shopping spree every WEEK Starting NOW. 2 play text STORE to 88039. SkilGme. TsCs08714740323 1Winawk! age16 £1.50perweeksub.,Spam
As in different styles?,NonSpam
5p 4 alfie Moon's Children in need song on ur mob. Tell ur m8s. Txt Tone charity to 8007 for Nokias or Poly charity for polys: zed 08701417012 profit 2 charity.,Spam
Hai dear friends... This is my new &amp; present number..:) By Rajitha Raj (Ranju),NonSpam
Talk to g and x about that,NonSpam
83039 62735=£450 UK Break AccommodationVouchers terms & conditions apply. 2 claim you mustprovide your claim number which is 15541 ,Spam
I calls you later. Afternoon onwords mtnl service get problem in south mumbai. I can hear you but you cann't listen me.,NonSpam
But your brother transfered only  &lt;#&gt;  +  &lt;#&gt; . Pa.,NonSpam
I dunno lei... Like dun haf...,NonSpam
Ok i also wan 2 watch e 9 pm show...,NonSpam
Havent stuck at orchard in my dad's car. Going 4 dinner now. U leh? So r they free tonight?,NonSpam
"Sorry, I'll call you  later. I am in meeting sir.",NonSpam
I think i am disturbing her da,NonSpam
Free video camera phones with Half Price line rental for 12 mths and 500 cross ntwk mins 100 txts. Call MobileUpd8 08001950382 or Call2OptOut/674,Spam
"Geeeee ... Your internet is really bad today, eh ?",NonSpam
Hey next sun 1030 there's a basic yoga course... at bugis... We can go for that... Pilates intro next sat.... Tell me what time you r free,NonSpam
Goodnight da thangam I really miss u dear.,NonSpam
Am on a train back from northampton so i'm afraid not! I'm staying skyving off today ho ho! Will be around wednesday though. Do you fancy the comedy club this week by the way?,NonSpam
Double Mins & Double Txt & 1/2 price Linerental on Latest Orange Bluetooth mobiles. Call MobileUpd8 for the very latest offers. 08000839402 or call2optout/LF56,Spam
Lmao you know me so well...,NonSpam
"Tick, tick, tick .... Where are you ? I could die of loneliness you know ! *pouts* *stomps feet* I need you ...",NonSpam
With my sis lor... We juz watched italian job.,NonSpam
I will vote for wherever my heart guides me,NonSpam
Yeah so basically any time next week you can get away from your mom &amp; get up before 3,NonSpam
Hmmm.still we dont have opener?,NonSpam
Desires- u going to doctor 4 liver. And get a bit stylish. Get ur hair managed. Thats it.,NonSpam
"We have sent JD for Customer Service cum Accounts Executive to ur mail id, For details contact us",NonSpam
"Dunno, my dad said he coming home 2 bring us out 4 lunch. Yup i go w u lor. I call u when i reach school lor...",NonSpam
O ic lol. Should play 9 doors sometime yo,NonSpam
Jamster! To get your free wallpaper text HEART to 88888 now! T&C apply. 16 only. Need Help? Call 08701213186.,Spam
She ran off with a younger man. we will make pretty babies together :),NonSpam
Natalie (20/F) is inviting you to be her friend. Reply YES-165 or NO-165 See her: www.SMS.ac/u/natalie2k9 STOP? Send STOP FRND to 62468,Spam
Pls clarify back if an open return ticket that i have can be preponed for me to go back to kerala.,NonSpam
Thanks for being there for me just to talk to on saturday. You are very dear to me. I cherish having you as a brother and role model.,NonSpam
(You didn't hear it from me),NonSpam
You won't believe it but it's true. It's Incredible Txts! Reply G now to learn truly amazing things that will blow your mind. From O2FWD only 18p/txt,Spam
How many times i told in the stage all use to laugh. You not listen aha.,NonSpam
I want to go to perumbavoor,NonSpam
"* Was really good to see you the other day dudette, been missing you!",NonSpam
Ok i vl..do u know i got adsense approved..,NonSpam
Hey... Very inconvenient for your sis a not huh?,NonSpam
Is there coming friday is leave for pongal?do you get any news from your work place.,NonSpam
I'd like to tell you my deepest darkest fantasies. Call me 09094646631 just 60p/min. To stop texts call 08712460324 (nat rate),Spam
Go chase after her and run her over while she's crossing the street,NonSpam
PRIVATE! Your 2003 Account Statement for shows 800 un-redeemed S.I.M. points. Call 08715203685 Identifier Code:4xx26 Expires 13/10/04,Spam
Ur cash-balance is currently 500 pounds - to maximize ur cash-in now send GO to 86688 only 150p/meg. CC: 08718720201 HG/Suite342/2lands Row/W1j6HL,Spam
I was gonna ask you lol but i think its at 7,NonSpam
Where you. What happen,NonSpam
Anyway holla at me whenever you're around because I need an excuse to go creep on people in sarasota,NonSpam
Yes its possible but dint try. Pls dont tell to any one k,NonSpam
:-( sad puppy noise,NonSpam
"It's cool, we can last a little while. Getting more any time soon?",NonSpam
Great! How is the office today?,NonSpam
Babe ! What are you doing ? Where are you ? Who are you talking to ? Do you think of me ? Are you being a good boy? Are you missing me? Do you love me ?,NonSpam
Dear 0776xxxxxxx U've been invited to XCHAT. This is our final attempt to contact u! Txt CHAT to 86688 150p/MsgrcvdHG/Suite342/2Lands/Row/W1J6HL LDN 18yrs,Spam
Hey gals...U all wanna meet 4 dinner at nìte? ,NonSpam
I think the other two still need to get cash but we can def be ready by 9,NonSpam
Hello boytoy ! Geeee ... I'm missing you today. I like to send you a tm and remind you I'm thinking of you ... And you are loved ... *loving kiss*,NonSpam
"Uncle G, just checking up on you. Do have a rewarding month",NonSpam
U attend ur driving lesson how many times a wk n which day?,NonSpam
You have WON a guaranteed £1000 cash or a £2000 prize. To claim yr prize call our customer service representative on 08714712412 between 10am-7pm Cost 10p,Spam
"By the way, 'rencontre' is to meet again. Mountains dont....",NonSpam
"My mobile number.pls sms ur mail id.convey regards to achan,amma.Rakhesh.Qatar",NonSpam
Go fool dont cheat others ok,NonSpam
Oh k. . I will come tomorrow,NonSpam
ILL B DOWN SOON,NonSpam
Guess which pub im in? Im as happy as a pig in clover or whatever the saying is! ,NonSpam
There's someone here that has a year  &lt;#&gt;  toyota camry like mr olayiwola's own. Mileage is  &lt;#&gt; k.its clean but i need to know how much will it sell for. If i can raise the dough for it how soon after landing will it sell. Holla back.,NonSpam
CDs 4u: Congratulations ur awarded £500 of CD gift vouchers or £125 gift guaranteed & Freeentry 2 £100 wkly draw xt MUSIC to 87066 TnCs www.ldew.com1win150ppmx3age16 ,Spam
You still around? Looking to pick up later,NonSpam
"Nope. Since ayo travelled, he has forgotten his guy",NonSpam
Well its not like you actually called someone a punto. That woulda been worse.,NonSpam
"Hmph. Go head, big baller.",NonSpam
Can you talk with me..,NonSpam
Esplanade lor. Where else...,NonSpam
Happy new year. Hope you are having a good semester,NonSpam
"Just looked it up and addie goes back Monday, sucks to be her",NonSpam
My drive can only be read. I need to write,NonSpam
"HEY KATE, HOPE UR OK... WILL GIVE U A BUZ WEDLUNCH. GO OUTSOMEWHERE 4 ADRINK IN TOWN..CUD GO 2WATERSHD 4 A BIT? PPL FROMWRK WILL BTHERE. LOVE PETEXXX.",NonSpam
I'm hungry buy smth home...,NonSpam
"We made it! Eta at taunton is 12:30 as planned, hope that‘s still okday?! Good to see you! :-xx",NonSpam
Phony £350 award - Todays Voda numbers ending XXXX are selected to receive a £350 award. If you have a match please call 08712300220 quoting claim code 3100 standard rates app,Spam
So your telling me I coulda been your real Valentine and I wasn't? U never pick me for NOTHING!!,NonSpam
Which channel:-):-):):-).,NonSpam
No rushing. I'm not working. I'm in school so if we rush we go hungry.,NonSpam
That's y u haf 2 keep me busy...,NonSpam
Dont let studying stress you out. L8r.,NonSpam
goldviking (29/M) is inviting you to be his friend. Reply YES-762 or NO-762 See him: www.SMS.ac/u/goldviking STOP? Send STOP FRND to 62468,Spam
Networking job is there.,NonSpam
Slept? I thinkThis time ( &lt;#&gt;  pm) is not dangerous,NonSpam
I said its okay. Sorry,NonSpam
So what u doing today?,NonSpam
Spending new years with my brother and his family. Lets plan to meet next week. Are you ready to be spoiled? :),NonSpam
JADE ITS PAUL. Y DIDN’T U TXT ME? DO U REMEMBER ME FROM BARMED? I WANT 2 TALK 2 U! TXT ME,NonSpam
"A boy was late 2 home. His father: ""POWER OF FRNDSHIP""",NonSpam
You are gorgeous! keep those pix cumming :) thank you!,NonSpam
Yar... I tot u knew dis would happen long ago already.,NonSpam
Aiyo u so poor thing... Then u dun wan 2 eat? U bathe already?,NonSpam
Oops I was in the shower when u called. Hey a parking garage collapsed at university hospital. See I'm not crazy. Stuff like that DOES happen.,NonSpam
I'm fine. Hope you are good. Do take care.,NonSpam
Hey come online! Use msn... We are all there,NonSpam
We are supposed to meet to discuss abt our trip... Thought xuhui told you? In the afternoon. Thought we can go for lesson after that,NonSpam
I will cme i want to go to hos 2morow. After that i wil cme. This what i got from her dear what to do. She didnt say any time,NonSpam
Future is not what we planned for tomorrow.....! it is the result of what we do today...! Do the best in present... enjoy the future.,NonSpam
You can donate £2.50 to UNICEF's Asian Tsunami disaster support fund by texting DONATE to 864233. £2.50 will be added to your next bill,Spam
URGENT! We are trying to contact U. Todays draw shows that you have won a £2000 prize GUARANTEED. Call 09058094507 from land line. Claim 3030. Valid 12hrs only,Spam
"A few people are at the game, I'm at the mall with iouri and kaila",NonSpam
Dear Voucher holder Have your next meal on us. Use the following link on your pc 2 enjoy a 2 4 1 dining experiencehttp://www.vouch4me.com/etlp/dining.asp,Spam
I want to see your pretty pussy...,NonSpam
Yup ok...,NonSpam
"A bit of Ur smile is my hppnss, a drop of Ur tear is my sorrow, a part of Ur heart is my life, a heart like mine wil care for U, forevr as my GOODFRIEND",NonSpam
I want  &lt;#&gt;  rs da:)do you have it?,NonSpam
"What i mean was i left too early to check, cos i'm working a 9-6.",NonSpam
Why didn't u call on your lunch?,NonSpam
I'm vivek:)i got call from your number.,NonSpam
"Ahhhh...just woken up!had a bad dream about u tho,so i dont like u right now :) i didnt know anything about comedy night but i guess im up for it.",NonSpam
Doing my masters. When will you buy a bb cos i have for sale and how's bf,NonSpam
U coming back 4 dinner rite? Dad ask me so i re confirm wif u...,NonSpam
I lost 4 pounds since my doc visit last week woot woot! Now I'm gonna celebrate by stuffing my face!,NonSpam
"Welcome to Select, an O2 service with added benefits. You can now call our specially trained advisors FREE from your mobile by dialling 402.",Spam
hi baby im sat on the bloody bus at the mo and i wont be home until about 7:30 wanna do somethin later? call me later ortxt back jess xx,NonSpam
Hi its me you are probably having too much fun to get this message but i thought id txt u cos im bored! and james has been farting at me all night,NonSpam
I am in bus on the way to calicut,NonSpam
"Hi this is Amy, we will be sending you a free phone number in a couple of days, which will give you an access to all the adult parties...",Spam
Great News! Call FREEFONE 08006344447 to claim your guaranteed £1000 CASH or £2000 gift. Speak to a live operator NOW!,Spam
I'm already back home so no probably not,NonSpam
"Anyway I don't think I can secure anything up here, lemme know if you want me to drive down south and chill",NonSpam
Wrong phone! This phone! I answer this one but assume the other is people i don't well,NonSpam
Check mail.i have mailed varma and kept copy to you regarding membership.take care.insha allah.,NonSpam
"I'm eatin now lor, but goin back to work soon... E mountain deer show huh... I watch b4 liao, very nice...",NonSpam
Omg you can make a wedding chapel in frontierville? Why do they get all the good stuff?,NonSpam
Ü go home liao? Ask dad to pick me up at 6...,NonSpam
Tomarrow i want to got to court. At  &lt;DECIMAL&gt; . So you come to bus stand at 9.,NonSpam
No it was cancelled yeah baby! Well that sounds important so i understand my darlin give me a ring later on this fone love Kate x,NonSpam
G wants to know where the fuck you are,NonSpam
K..k.:)congratulation ..,NonSpam
"Hey babe, how's it going ? Did you ever figure out where your going for New Years ?",NonSpam
Hey do you want anything to buy:),NonSpam
Once free call me sir.,NonSpam
Match started.india  &lt;#&gt;  for 2,NonSpam
"Good morning, my boytoy! How's those yummy lips ? Where's my sexy buns now ? What do you do ? Do you think of me ? Do you crave me ? Do you need me ?",NonSpam
"Hi, the SEXYCHAT girls are waiting for you to text them. Text now for a great night chatting. send STOP to stop this service",Spam
"Got what it takes 2 take part in the WRC Rally in Oz? U can with Lucozade Energy! Text RALLY LE to 61200 (25p), see packs or lucozade.co.uk/wrc & itcould be u!",Spam
Just hopeing that wasn‘t too pissed up to remember and has gone off to his sisters or something!,NonSpam
Wanna do some art?! :D,NonSpam
"Oh yes, why is it like torture watching england?",NonSpam
Ok... Let u noe when i leave my house.,NonSpam
We can go 4 e normal pilates after our intro...  ,NonSpam
Oh yah... We never cancel leh... Haha ,NonSpam
Hi Dear Call me its urgnt. I don't know whats your problem. You don't want to work or if you have any other problem at least tell me. Wating for your reply.,NonSpam
"Its so common hearin How r u? Wat r u doing? How was ur day? So let me ask u something different. Did u smile today? If not, do it now.... Gud evng.",NonSpam
"G says you never answer your texts, confirm/deny",NonSpam
Re your call; You didn't see my facebook huh?,NonSpam
Sitting in mu waiting for everyone to get out of my suite so I can take a shower,NonSpam
"This is the 2nd time we have tried 2 contact u. U have won the 750 Pound prize. 2 claim is easy, call 08712101358 NOW! Only 10p per min. BT-national-rate",Spam
"Just dropped em off, omw back now",NonSpam
We took hooch for a walk toaday and i fell over! Splat! Grazed my knees and everything! Should have stayed at home! See you tomorrow! ,NonSpam
You've already got a flaky parent. It'snot supposed to be the child's job to support the parent...not until they're The Ride age anyway. I'm supposed to be there to support you. And now i've hurt you. unintentional. But hurt nonetheless.,NonSpam
"Goal! Arsenal 4 (Henry, 7 v Liverpool 2 Henry scores with a simple shot from 6 yards from a pass by Bergkamp to give Arsenal a 2 goal margin after 78 mins.",Spam
I am on the way to tirupur.,NonSpam
Love that holiday Monday feeling even if I have to go to the dentists in an hour,NonSpam
WE REGRET TO INFORM U THAT THE NHS HAS MADE A MISTAKE.U WERE NEVER ACTUALLY BORN.PLEASE REPORT 2 YOR LOCAL HOSPITAL 2B TERMINATED.WE R SORRY 4 THE INCONVENIENCE,NonSpam
Will do. Have a good day,NonSpam
"I'm in solihull, | do you want anything?",NonSpam
Then anything special?,NonSpam
Will you come online today night,NonSpam
Warner Village 83118 C Colin Farrell in SWAT this wkend @Warner Village & get 1 free med. Popcorn!Just show msg+ticket@kiosk.Valid 4-7/12. C t&c @kiosk. Reply SONY 4 mre film offers,Spam
"no, i *didn't* mean to post it. I wrote it, and like so many other times i've ritten stuff to you, i let it sit there. it WAS what i was feeling at the time. I was angry. Before i left, i hit send, then stop. It wasn't there. I checked on my phone when i got to my car. It wasn't there. You said you didn't sleep, you were bored. So why wouldn't THAT be the time to clean, fold laundry, etc.? At least make the bed?",NonSpam
I;m reaching in another 2 stops.,NonSpam
* FREE* POLYPHONIC RINGTONE Text SUPER to 87131 to get your FREE POLY TONE of the week now! 16 SN PoBox202 NR31 7ZS subscription 450pw,Spam
Taka lor. Wat time u wan 2 come n look 4 us?,NonSpam
"ou are guaranteed the latest Nokia Phone, a 40GB iPod MP3 player or a £500 prize! Txt word: COLLECT to No: 83355! IBHltd LdnW15H 150p/Mtmsgrcvd18",Spam
"Haha, that was the first person I was gonna ask",NonSpam
Oh for fuck's sake she's in like tallahassee,NonSpam
I cant pick the phone right now. Pls send a message,NonSpam
2 and half years i missed your friendship:-),NonSpam
Want the latest Video handset? 750 anytime any network mins? Half price line rental? Reply or call 08000930705 for delivery tomorrow,Spam
Convey my regards to him,NonSpam
Send me the new number,NonSpam
Miserable. They don't tell u that the side effects of birth control are massive gut wrenching cramps for the first 2 months. I didn't sleep at all last night.,NonSpam
Its worse if if uses half way then stops. Its better for him to complete it.,NonSpam
Sounds like there could be a lot of time spent in that chastity device boy ... *grins* ... Or take your beatings like a good dog. Going to lounge in a nice long bath now ?,NonSpam
"Japanese Proverb: If one Can do it, U too Can do it, If none Can do it,U must do it Indian version: If one Can do it, LET HIM DO it.. If none Can do it,LEAVE it!! And finally Kerala version: If one can do it, Stop him doing it.. If none can do it, Make a strike against it ...",NonSpam
You have to pls make a note of all she.s exposed to. Also find out from her school if anyone else was vomiting. Is there a dog or cat in the house? Let me know later.,NonSpam
Todays Vodafone numbers ending with 4882 are selected to a receive a £350 award. If your number matches call 09064019014 to receive your £350 award.,Spam
Or just do that 6times,NonSpam
Poor girl can't go one day lmao,NonSpam
For many things its an antibiotic and it can be used for chest abdomen and gynae infections even bone infections.,NonSpam
"New Theory: Argument wins d SITUATION, but loses the PERSON. So dont argue with ur friends just.. . . . kick them &amp; say, I'm always correct.!",NonSpam
As usual u can call me ard 10 smth.,NonSpam
When/where do I pick you up,NonSpam
alright tyler's got a minor crisis and has to be home sooner than he thought so be here asap,NonSpam
Yeah just open chat and click friend lists. Then make the list. Easy as pie,NonSpam
No 1 POLYPHONIC tone 4 ur mob every week! Just txt PT2 to 87575. 1st Tone FREE ! so get txtin now and tell ur friends. 150p/tone. 16 reply HL 4info,Spam
The world's most happiest frnds never have the same characters... Dey just have the best understanding of their differences...,NonSpam
lyricalladie(21/F) is inviting you to be her friend. Reply YES-910 or NO-910. See her: www.SMS.ac/u/hmmross STOP? Send STOP FRND to 62468,Spam
"I know dat feelin had it with Pete! Wuld get with em , nuther place nuther time mayb?",NonSpam
Wat happened to the cruise thing,NonSpam
Lol! Oops sorry! Have fun. ,NonSpam
Hi dis is yijue i would be happy to work wif ü all for gek1510...,NonSpam
Well. You know what i mean. Texting,NonSpam
Dip's cell dead. So i m coming with him. U better respond else we shall come back.,NonSpam
1. Tension face 2. Smiling face 3. Waste face 4. Innocent face 5.Terror face 6.Cruel face 7.Romantic face 8.Lovable face 9.decent face  &lt;#&gt; .joker face.,NonSpam
"Watching cartoon, listening music &amp; at eve had to go temple &amp; church.. What about u?",NonSpam
Okey dokey swashbuckling stuff what oh.,NonSpam
"Oh! Shit, I thought that was your trip! Loooooool ... That just makes SO much more sense now ... *grins* and the sofa reference was ... The ""sleep on a couch"" link you sent me ... Wasn't that how you went on your trip ? Oh ... And didn't your babe go with you for that celebration with your rents?",NonSpam
I'm really sorry I lit your hair on fire,NonSpam
Sorry da..today i wont come to play..i have driving clas..,NonSpam
Bored housewives! Chat n date now! 0871750.77.11! BT-national rate 10p/min only from landlines!,Spam
**FREE MESSAGE**Thanks for using the Auction Subscription Service. 18 . 150p/MSGRCVD 2 Skip an Auction txt OUT. 2 Unsubscribe txt STOP CustomerCare 08718726270,Spam
Nokia phone is lovly..,NonSpam
"Response is one of d powerful weapon 2 occupy a place in others 'HEART'... So, always give response 2 who cares 4 U""... Gud night..swt dreams..take care",NonSpam
"Hey, a guy I know is breathing down my neck to get him some bud, anyway you'd be able to get a half track to usf tonight?",NonSpam
Ok...,NonSpam
Thanks  and ! Or bomb and date as my phone wanted to say! ,NonSpam
yes baby! I need to stretch open your pussy!,NonSpam
Same to u...,NonSpam
"Also north carolina and texas atm, you would just go to the gre site and pay for the test results to be sent.",NonSpam
I'm fine. Hope you are also,NonSpam
I liked your new house,NonSpam
Gain the rights of a wife.dont demand it.i am trying as husband too.Lets see,NonSpam
Maybe you should find something else to do instead???,NonSpam
either way works for me. I am  &lt;#&gt;  years old. Hope that doesnt bother you.,NonSpam
S.this will increase the chance of winning.,NonSpam
I am in escape theatre now. . Going to watch KAVALAN in a few minutes,NonSpam
Pls help me tell Ashley that i cant find her number oh,NonSpam
Missing you too.pray inshah allah,NonSpam
YOU HAVE WON! As a valued Vodafone customer our computer has picked YOU to win a £150 prize. To collect is easy. Just call 09061743386 ,Spam
I need details about that online job.,NonSpam
"Awesome, that gonna be soon or later tonight?",NonSpam
"Hmmm.... Mayb can try e shoppin area one, but forgot e name of hotel...",NonSpam
PRIVATE! Your 2003 Account Statement for shows 800 un-redeemed S. I. M. points. Call 08715203652 Identifier Code: 42810 Expires 29/10/0,Spam
That's one of the issues but california is okay. No snow so its manageable,NonSpam
All boys made fun of me today. Ok i have no problem. I just sent one message just for fun,NonSpam
....photoshop makes my computer shut down.,NonSpam
Yay can't wait to party together!,NonSpam
"OH RITE. WELL IM WITH MY BEST MATE PETE, WHO I WENT OUT WITH 4 A WEEK+ NOW WERE 2GEVA AGAIN. ITS BEEN LONGER THAN A WEEK.",NonSpam
I hope your pee burns tonite.,NonSpam
"New Mobiles from 2004, MUST GO! Txt: NOKIA to No: 89545 & collect yours today! From ONLY £1. www.4-tc.biz 2optout 087187262701.50gbp/mtmsg18 TXTAUCTION.",Spam
Rats. Hey did u ever vote for the next themes?,NonSpam
Po de :-):):-):-):-). No need job aha.,NonSpam
"The word ""Checkmate"" in chess comes from the Persian phrase ""Shah Maat"" which means; ""the king is dead.."" Goodmorning.. Have a good day..:)",NonSpam
"How long before you get reply, just defer admission til next semester",NonSpam
Lol no. Just trying to make your day a little more interesting,NonSpam
Yup but it's not giving me problems now so mayb i'll jus leave it...,NonSpam
"Haha, just what I was thinkin",NonSpam
I am going to sleep. I am tired of travel.,NonSpam
Not thought bout it... || Drink in tap & spile at seven. || Is that pub on gas st off broad st by canal. || Ok?,NonSpam
:-) :-),NonSpam
u r a winner U ave been specially selected 2 receive £1000 cash or a 4* holiday (flights inc) speak to a live operator 2 claim 0871277810710p/min (18 ),Spam
Im good! I have been thinking about you...,NonSpam
Check Out Choose Your Babe Videos @ sms.shsex.netUN fgkslpoPW fgkslpo,Spam
Got smaller capacity one? Quite ex...,NonSpam
How's ur paper?,NonSpam
Me too. Mark is taking forever to pick up my prescription and the pain is coming back.,NonSpam
Anything is valuable in only 2 situations: First- Before getting it... Second- After loosing it...,NonSpam
Ü no home work to do meh... ,NonSpam
Ummmmmaah Many many happy returns of d day my dear sweet heart.. HAPPY BIRTHDAY dear,NonSpam
i can call in  &lt;#&gt;  min if thats ok,NonSpam
"fyi I'm at usf now, swing by the room whenever",NonSpam
E admin building there? I might b slightly earlier... I'll call u when i'm reaching...,NonSpam
"Honey, can you pls find out how much they sell Predicte in Nigeria. And how many times can it be used. Its very important to have a reply before monday",NonSpam
"Don't worry though, I understand how important it is that I be put in my place with a poorly thought out punishment in the face of the worst thing that has ever happened to me. Brb gonna go kill myself",NonSpam
What's up my own oga. Left my phone at home and just saw ur messages. Hope you are good. Have a great weekend.,NonSpam
PRIVATE! Your 2004 Account Statement for 078498****7 shows 786 unredeemed Bonus Points. To claim call 08719180219 Identifier Code: 45239 Expires 06.05.05,Spam
Call me when u finish then i come n pick u.,NonSpam
Sorry for the delay. Yes masters,NonSpam
"Er, hello, things didn‘t quite go to plan – is limping slowly home followed by aa and with exhaust hanging off",NonSpam
How do you plan to manage that,NonSpam
Reverse is cheating. That is not mathematics.,NonSpam
"The guy at the car shop who was flirting with me got my phone number from the paperwork and called and texted me. I'm nervous because of course now he may have my address. Should i call his boss and tell him, knowing this may get him fired?",NonSpam
"its cool but tyler had to take off so we're gonna buy for him and drop it off at his place later tonight. Our total order is a quarter, you got enough?",NonSpam
I dont know why she.s not getting your messages,NonSpam
Just come home. I don't want u to be miserable,NonSpam
Santa calling! Would your little ones like a call from Santa Xmas Eve? Call 09077818151 to book you time. Calls1.50ppm last 3mins 30s T&C www.santacalling.com,Spam
URGENT This is our 2nd attempt to contact U. Your £900 prize from YESTERDAY is still awaiting collection. To claim CALL NOW 09061702893,Spam
Saw Guys and Dolls last night with Patrick Swayze it was great,NonSpam
Sorry that was my uncle. I.ll keep in touch,NonSpam
Or u ask they all if next sat can a not. If all of them can make it then i'm ok lor.,NonSpam
Gd luck 4 ur exams :-),NonSpam
Send me your resume:-),NonSpam
Yup. Izzit still raining heavily cos i'm in e mrt i can't c outside.,NonSpam
We're on the opposite side from where we dropped you off,NonSpam
"Thanx. Yup we coming back on sun. Finish dinner going back 2 hotel now. Time flies, we're tog 4 exactly a mth today. Hope we'll haf many more mths to come...",NonSpam
Ü thk of wat to eat tonight.,NonSpam
Holy living christ what is taking you so long,NonSpam
"Urgent -call 09066649731from Landline. Your complimentary 4* Ibiza Holiday or £10,000 cash await collection SAE T&Cs PO BOX 434 SK3 8WP 150ppm 18+",Spam
Indeed and by the way it was either or - not both !,NonSpam
"Especially since i talk about boston all up in my personal statement, lol! I woulda changed that if i had realized it said nyc! It says boston now.",NonSpam
"Call me, i am senthil from hsbc.",NonSpam
Yup... Hey then one day on fri we can ask miwa and jiayin take leave go karaoke ,NonSpam
Sen told that he is going to join his uncle finance in cbe,NonSpam
O we cant see if we can join denis and mina? Or does denis want alone time,NonSpam
U R THE MOST BEAUTIFUL GIRL IVE EVER SEEN. U R MY BABY COME AND C ME IN THE COMMON ROOM,NonSpam
Sorry completely forgot * will pop em round this week if your still here?,NonSpam
Quite lor. But dun tell him wait he get complacent...,NonSpam
"So many people seems to be special at first sight, But only very few will remain special to you till your last sight.. Maintain them till life ends.. Sh!jas",NonSpam
U repeat e instructions again. Wat's e road name of ur house?,NonSpam
Ok then u tell me wat time u coming later lor.,NonSpam
"Hi, Mobile no.  &lt;#&gt;  has added you in their contact list on www.fullonsms.com It s a great place to send free sms to people For more visit fullonsms.com",NonSpam
Hi..i got the money da:),NonSpam
CHEERS LOU! YEAH WAS A GOODNITE SHAME U NEVA CAME! C YA GAILxx,NonSpam
watever reLation u built up in dis world only thing which remains atlast iz lonlines with lotz n lot memories! feeling..,NonSpam
I'm not sure if its still available though,NonSpam
Your unique user ID is 1172. For removal send STOP to 87239 customer services 08708034412,Spam
Whens your radio show?,NonSpam
if you text on your way to cup stop that should work. And that should be BUS,NonSpam
Hi.:)technical support.providing assistance to us customer through call and email:),NonSpam
Prepare to be pleasured :),NonSpam
Me too! Have a lovely night xxx,NonSpam
It's é only $140 ard...É rest all ard $180 at least...Which is é price 4 é 2 bedrm ($900),NonSpam
I'm home. Doc gave me pain meds says everything is fine.,NonSpam
Thanks 4 your continued support Your question this week will enter u in2 our draw 4 £100 cash. Name the NEW US President? txt ans to 80082,Spam
URGENT! Your Mobile number has been awarded with a £2000 prize GUARANTEED. Call 09061790121 from land line. Claim 3030. Valid 12hrs only 150ppm,Spam
"hey, looks like I was wrong and one of the kappa guys numbers is still on my phone, if you want I can text him and see if he's around",NonSpam
Don't make life too stressfull.. Always find time to Laugh.. It may not add years to your Life! But surely adds more life to ur years!! Gud ni8..swt dreams..,NonSpam
U wan 2 haf lunch i'm in da canteen now.,NonSpam
Ok lor... Or u wan me go look 4 u?,NonSpam
Cashbin.co.uk (Get lots of cash this weekend!) www.cashbin.co.uk Dear Welcome to the weekend We have got our biggest and best EVER cash give away!! These..,Spam
Well boy am I glad G wasted all night at applebees for nothing,NonSpam
Your weekly Cool-Mob tones are ready to download !This weeks new Tones include: 1) Crazy Frog-AXEL F>>> 2) Akon-Lonely>>> 3) Black Eyed-Dont P >>>More info in n,Spam
"If you're still up, maybe leave the credit card so I can get gas when I get back like he told me to",NonSpam
Thanx u darlin!im cool thanx. A few bday drinks 2 nite. 2morrow off! Take care c u soon.xxx,NonSpam
The beauty of life is in next second.. which hides thousands of secrets. I wish every second will be wonderful in ur life...!! gud n8,NonSpam
"When you just put in the + sign, choose my number and the pin will show. Right?",NonSpam
Orh i tot u say she now still dun believe.,NonSpam
Camera - You are awarded a SiPix Digital Camera! call 09061221066 fromm landline. Delivery within 28 days.,Spam
Thinking of u ;) x,NonSpam
I am in hospital da. . I will return home in evening,NonSpam
Ya very nice. . .be ready on thursday,NonSpam
Many more happy returns of the day. I wish you happy birthday.,NonSpam
"I keep seeing weird shit and bein all ""woah"" then realising it's actually reasonable and I'm all ""oh""",NonSpam
We have pizza if u want,NonSpam
I bought the test yesterday. Its something that lets you know the exact day u ovulate.when will get 2u in about 2 to 3wks. But pls pls dont fret. I know u r worried. Pls relax. Also is there anything in ur past history u need to tell me?,NonSpam
"Nt only for driving even for many reasons she is called BBD..thts it chikku, then hw abt dvg cold..heard tht vinobanagar violence hw is the condition..and hw ru ? Any problem?",NonSpam
"Not for possession, especially not first offense",NonSpam
Oh k:)after that placement there ah?,NonSpam
Buy Space Invaders 4 a chance 2 win orig Arcade Game console. Press 0 for Games Arcade (std WAP charge) See o2.co.uk/games 4 Terms + settings. No purchase,Spam
Good Morning my Dear Shijutta........... Have a great &amp; successful day.,NonSpam
Wat time r ü going to xin's hostel?,NonSpam
K:)eng rocking in ashes:),NonSpam
I dont know ask to my brother. Nothing problem some thing that. Just i told .,NonSpam
I've reached already.,NonSpam
I (Career Tel) have added u as a contact on INDYAROCKS.COM to send FREE SMS. To remove from phonebook - sms NO to  &lt;#&gt;,NonSpam
"Had your mobile 10 mths? Update to the latest Camera/Video phones for FREE. KEEP UR SAME NUMBER, Get extra free mins/texts. Text YES for a call",Spam
Jason says it's cool if we pick some up from his place in like an hour,NonSpam
"There'll be a minor shindig at my place later tonight, you interested?",NonSpam
"FREE GAME. Get Rayman Golf 4 FREE from the O2 Games Arcade. 1st get UR games settings. Reply POST, then save & activ8. Press 0 key for Arcade. Termsapply",Spam
HELLO PEACH! MY CAKE TASTS LUSH!,NonSpam
"I'm home, my love ... If your still awake ... *loving kiss*",NonSpam
"Yup. Anything lor, if u dun wan it's ok...",NonSpam
Forgot to tell ü smth.. Can ü like number the sections so that it's clearer..,NonSpam
"Aiyo... Her lesson so early... I'm still sleepin, haha... Okie, u go home liao den confirm w me lor...",NonSpam
My uncles in Atlanta. Wish you guys a great semester.,NonSpam
"K will do, addie &amp; I are doing some art so I'll be here when you get home",NonSpam
"Hey. What happened? U switch off ur cell d whole day. This isnt good. Now if u do care, give me a call tomorrow.",NonSpam
S:)8 min to go for lunch:),NonSpam
Oops i thk i dun haf enuff... I go check then tell ü..,NonSpam
Big brother‘s really scraped the barrel with this shower of social misfits,NonSpam
Thats cool princess! I will cover your face in hot sticky cum :),NonSpam
Huh so slow i tot u reach long ago liao... U 2 more days only i 4 more leh...,NonSpam
Ya i knw u vl giv..its ok thanks kano..anyway enjoy wit ur family wit 1st salary..:-);-),NonSpam
"Haha awesome, I might need to take you up on that, what you doin tonight?",NonSpam
"Did you say bold, then torch later. Or one torch and 2bold?",NonSpam
Wif my family booking tour package.,NonSpam
Wow so healthy. Old airport rd lor. Cant thk of anything else. But i'll b bathing my dog later.,NonSpam
Hey anyway i have to :-),NonSpam
Yar but they say got some error.,NonSpam
Mmmmmmm *snuggles into you* ...*deep contented sigh* ... *whispers* ... I fucking love you so much I can barely stand it ...,NonSpam
Anytime...,NonSpam